Category,Tag,Display Name,Description,Common Contexts,Related Tags,Search Keywords
Behavioral & Cognitive,behavioral-economics,Behavioral Economics,Study of psychological factors in economic decisions,"Kahneman, Thaler, Nudge Theory","cognitive-bias, decision-science, heuristics","behavior, economics, psychology, decision"
Behavioral & Cognitive,cognitive-bias,Cognitive Bias,Systematic patterns of deviation from rationality,"Kahneman, Heuristics","behavioral-economics, decision-science","bias, cognitive, thinking, error"
Behavioral & Cognitive,decision-science,Decision Science,Scientific study of decision-making processes,"Simon, Kahneman, Decision Theory","behavioral-economics, bounded-rationality","decision, choice, rationality"
Behavioral & Cognitive,bounded-rationality,Bounded Rationality,Concept that rationality is limited by cognitive constraints,"Simon, Satisficing","decision-science, cognitive-bias","rationality, limits, satisficing"
Behavioral & Cognitive,heuristics,Heuristics,Mental shortcuts used in problem-solving,"Kahneman, Fast and Slow Thinking","cognitive-bias, decision-science","shortcuts, rules-of-thumb, intuition"
Behavioral & Cognitive,nudge-theory,Nudge Theory,Framework for influencing behavior through choice architecture,"Thaler, Behavioral Economics","behavioral-economics, choice-architecture","nudge, influence, behavior-change"
AI & Technology,ai-ethics,AI Ethics,Ethical considerations in AI development and deployment,"Tech for Humanity, AI Safety","ethics, governance, ai-alignment","ethics, ai, morals, values"
AI & Technology,machine-learning,Machine Learning,Algorithms that improve through experience,All tech content,"deep-learning, neural-networks","ml, algorithms, training, models"
AI & Technology,neural-networks,Neural Networks,Computing systems inspired by biological neural networks,"Deep Learning, Quantum Logic","machine-learning, deep-learning","neural, networks, layers, neurons"
AI & Technology,ai-alignment,AI Alignment,Ensuring AI systems align with human values,"AI Safety, Tech for Humanity","ai-ethics, ai-safety","alignment, values, human-ai"
AI & Technology,ai-safety,AI Safety,Preventing unintended harm from AI systems,"AI Ethics, Governance","ai-ethics, ai-alignment","safety, risks, harm-prevention"
AI & Technology,explainable-ai,Explainable AI,Making AI decision-making transparent and interpretable,"Thinking Engine, Frameworks","ai-ethics, transparency","xai, interpretability, transparency"
AI & Technology,generative-ai,Generative AI,AI systems that create new content,Generative AI Era,"llm, gpt, diffusion-models","generation, content-creation, llm"
AI & Technology,agentic-ai,Agentic AI,Autonomous AI systems that take independent action,Agentic AI Era,"autonomous-systems, multi-agent","agents, autonomous, agentic"
Systems & Complexity,systems-thinking,Systems Thinking,Holistic approach to analyzing interconnected systems,"Senge, Regenerative Organization","complexity-theory, holistic-analysis","systems, holistic, interconnected"
Systems & Complexity,complexity-theory,Complexity Theory,Study of complex adaptive systems,Regenerative Organization,"systems-thinking, emergence","complexity, adaptive, emergence"
Systems & Complexity,network-theory,Network Theory,Mathematical study of networks and relationships,Network Analysis,"graph-theory, social-networks","networks, graphs, connections"
Systems & Complexity,emergence,Emergence,Properties arising from interactions of simpler components,"Complexity, Quantum Logic","complexity-theory, systems-thinking","emergence, self-organization"
Systems & Complexity,cybernetics,Cybernetics,Study of control and communication in systems,"Wiener, Thinking Engine","feedback-loops, systems-thinking","control, communication, feedback"
Systems & Complexity,feedback-loops,Feedback Loops,Circular processes where outputs influence inputs,Systems Dynamics,"cybernetics, systems-thinking","feedback, loops, cycles"
Organization & Leadership,organizational-behavior,Organizational Behavior,Study of human behavior in organizational settings,"Regenerative Organization, WorkFamilyAI","leadership, culture","organization, behavior, workplace"
Organization & Leadership,leadership,Leadership,Process of influencing and guiding groups,"WorkFamilyAI, GCBAT","organizational-behavior, management","leadership, influence, guidance"
Organization & Leadership,change-management,Change Management,Structured approach to transitioning organizations,Regenerative Organization,"organizational-behavior, transformation","change, transformation, transition"
Organization & Leadership,organizational-culture,Organizational Culture,Shared values and practices within organizations,"Regenerative Organization, WorkFamilyAI","organizational-behavior, leadership","culture, values, norms"
Organization & Leadership,team-dynamics,Team Dynamics,Behavioral relationships between team members,WorkFamilyAI,"leadership, collaboration","teams, dynamics, collaboration"
Organization & Leadership,holacracy,Holacracy,Self-organizing governance structure,"Regenerative Organization, WorkFamilyAI","organizational-structure, self-organization","holacracy, self-organization, governance"
Philosophy & Logic,philosophy-of-mind,Philosophy of Mind,Study of consciousness and mental phenomena,"Dennett, Thinking Engine","consciousness, cognitive-science","mind, consciousness, philosophy"
Philosophy & Logic,epistemology,Epistemology,Theory of knowledge and justified belief,"Popper, Thinking Engine","knowledge, logic","knowledge, epistemology, belief"
Philosophy & Logic,logic,Logic,Study of valid reasoning and inference,"Thinking Engine, Quantum Logic","reasoning, formal-systems","logic, reasoning, inference"
Philosophy & Logic,ethics,Ethics,Moral principles governing behavior,Tech for Humanity,"ai-ethics, governance, values","ethics, morals, principles"
Philosophy & Logic,metaphysics,Metaphysics,Study of fundamental nature of reality,"Quantum Logic, Thinking Engine","ontology, philosophy-of-mind","metaphysics, reality, ontology"
Philosophy & Logic,phenomenology,Phenomenology,Study of structures of consciousness and experience,Husserl,"consciousness, philosophy-of-mind","phenomenology, experience, consciousness"